date,warehouse,client_type,product_line,quantity,unit_price,total,payment,payment_fee
2026-06-01,Central,Retail,Suspension & traction,9,22.23,200.07,Cash,0.0
2026-06-01,West,Retail,Electrical system,8,24.02,192.16,Credit card,5.57
2026-06-01,Central,Retail,Engine,5,49.47,247.35,Credit card,7.17
2026-06-01,Central,Retail,Engine,12,19.08,228.96,Transfer,2.29
2026-06-01,Central,Retail,Braking system,4,19.41,77.64,Credit card,2.25
2026-06-01,West,Retail,Suspension & traction,11,147.1,1618.1,Transfer,16.18
2026-06-01,West,Retail,Miscellaneous,10,7.95,79.5,Credit card,2.31
2026-06-01,Central,Retail,Braking system,1,20.29,20.29,Credit card,0.59
2026-06-01,Central,Wholesale,Engine,106,16.11,1707.66,Transfer,17.08
2026-06-01,West,Retail,Electrical system,2,9.11,18.22,Transfer,0.18
2026-06-02,West,Retail,Frame & body,14,79.95,1119.3,Transfer,11.19
2026-06-02,Central,Wholesale,Miscellaneous,89,5.53,492.17,Transfer,4.92
2026-06-02,North,Wholesale,Braking system,108,27.53,2973.24,Cash,0.0
2026-06-02,Central,Wholesale,Miscellaneous,117,17.39,2034.63,Cash,0.0
2026-06-02,North,Retail,Electrical system,9,22.23,200.07,Credit card,5.8
2026-06-02,Central,Retail,Suspension & traction,7,12.56,87.92,Cash,0.0
2026-06-02,Central,Retail,Suspension & traction,10,21.71,217.1,Transfer,2.17
2026-06-02,West,Retail,Electrical system,8,84.15,673.2,Credit card,19.52
2026-06-02,West,Retail,Electrical system,2,19.84,39.68,Transfer,0.4
2026-06-02,North,Retail,Suspension & traction,10,26.36,263.6,Credit card,7.64
2026-06-03,Central,Retail,Engine,1,119.46,119.46,Credit card,3.46
2026-06-03,Central,Wholesale,Frame & body,52,33.37,1735.24,Transfer,17.35
2026-06-03,Central,Wholesale,Frame & body,138,21.94,3027.72,Cash,0.0
2026-06-03,Central,Retail,Frame & body,12,13.9,166.8,Transfer,1.67
2026-06-03,North,Wholesale,Miscellaneous,98,13.55,1327.9,Cash,0.0
2026-06-03,Central,Retail,Braking system,7,15.41,107.87,Transfer,1.08
2026-06-03,North,Retail,Braking system,6,23.48,140.88,Credit card,4.09
2026-06-03,North,Retail,Frame & body,11,59.3,652.3,Cash,0.0
2026-06-03,North,Retail,Engine,5,49.73,248.65,Credit card,7.21
2026-06-03,Central,Wholesale,Braking system,90,17.97,1617.3,Credit card,46.9
2026-06-04,North,Retail,Braking system,5,23.93,119.65,Cash,0.0
2026-06-04,Central,Retail,Braking system,5,17.95,89.75,Credit card,2.6
2026-06-04,North,Retail,Engine,10,9.32,93.2,Transfer,0.93
2026-06-04,Central,Retail,Miscellaneous,9,8.94,80.46,Credit card,2.33
2026-06-04,West,Retail,Suspension & traction,2,36.11,72.22,Transfer,0.72
2026-06-04,North,Retail,Electrical system,2,11.99,23.98,Transfer,0.24
2026-06-04,Central,Retail,Braking system,3,18.15,54.45,Credit card,1.58
2026-06-04,North,Retail,Braking system,4,15.66,62.64,Transfer,0.63
2026-06-04,Central,Retail,Engine,4,168.57,674.28,Credit card,19.55
2026-06-04,West,Retail,Frame & body,2,39.93,79.86,Credit card,2.32
2026-06-04,Central,Retail,Electrical system,6,42.85,257.1,Cash,0.0
2026-06-05,West,Wholesale,Miscellaneous,138,24.24,3345.12,Credit card,97.01
2026-06-05,Central,Wholesale,Suspension & traction,107,32.06,3430.42,Transfer,34.3
2026-06-05,Central,Wholesale,Miscellaneous,137,8.39,1149.43,Credit card,33.33
2026-06-05,Central,Wholesale,Miscellaneous,49,6.05,296.45,Transfer,2.96
2026-06-05,North,Retail,Suspension & traction,10,24.74,247.4,Credit card,7.17
2026-06-05,West,Retail,Braking system,1,10.58,10.58,Transfer,0.11
2026-06-05,Central,Retail,Miscellaneous,11,9.93,109.23,Cash,0.0
2026-06-05,Central,Retail,Suspension & traction,4,11.92,47.68,Cash,0.0
2026-06-05,North,Wholesale,Frame & body,92,54.02,4969.84,Cash,0.0
2026-06-05,Central,Retail,Suspension & traction,1,42.9,42.9,Credit card,1.24
2026-06-06,West,Retail,Suspension & traction,10,31.8,318.0,Credit card,9.22
2026-06-06,North,Wholesale,Frame & body,23,52.86,1215.78,Cash,0.0
2026-06-06,Central,Retail,Engine,11,59.03,649.33,Credit card,18.83
2026-06-06,Central,Retail,Braking system,10,28.84,288.4,Credit card,8.36
2026-06-06,Central,Retail,Engine,14,60.56,847.84,Credit card,24.59
2026-06-06,North,Retail,Electrical system,5,45.48,227.4,Transfer,2.27
2026-06-06,Central,Retail,Suspension & traction,6,40.29,241.74,Credit card,7.01
2026-06-07,Central,Retail,Electrical system,12,23.72,284.64,Credit card,8.25
2026-06-07,North,Retail,Miscellaneous,14,7.09,99.26,Transfer,0.99
2026-06-07,West,Retail,Miscellaneous,1,14.29,14.29,Cash,0.0
2026-06-07,Central,Retail,Frame & body,11,11.59,127.49,Transfer,1.27
2026-06-07,Central,Retail,Frame & body,10,38.12,381.2,Cash,0.0
2026-06-08,North,Retail,Braking system,12,38.48,461.76,Credit card,13.39
2026-06-08,Central,Retail,Suspension & traction,1,42.85,42.85,Credit card,1.24
2026-06-08,Central,Retail,Engine,12,36.5,438.0,Credit card,12.7
2026-06-08,West,Retail,Engine,5,99.94,499.7,Cash,0.0
2026-06-08,Central,Wholesale,Braking system,79,3.27,258.33,Transfer,2.58
2026-06-08,West,Retail,Electrical system,4,18.3,73.2,Cash,0.0
2026-06-08,Central,Retail,Electrical system,9,19.37,174.33,Credit card,5.06
2026-06-08,Central,Retail,Electrical system,13,11.29,146.77,Credit card,4.26
2026-06-08,Central,Retail,Braking system,8,21.49,171.92,Transfer,1.72
2026-06-08,Central,Wholesale,Engine,86,52.17,4486.62,Credit card,130.11
2026-06-08,Central,Retail,Miscellaneous,11,10.85,119.35,Credit card,3.46
2026-06-09,Central,Retail,Braking system,11,16.16,177.76,Credit card,5.16
2026-06-09,Central,Retail,Engine,11,27.09,297.99,Credit card,8.64
2026-06-09,Central,Retail,Engine,3,94.63,283.89,Credit card,8.23
2026-06-09,West,Retail,Frame & body,2,47.75,95.5,Transfer,0.96
2026-06-09,West,Retail,Miscellaneous,7,16.43,115.01,Credit card,3.34
2026-06-09,Central,Retail,Braking system,12,21.29,255.48,Transfer,2.55
2026-06-09,North,Retail,Frame & body,2,59.93,119.86,Cash,0.0
2026-06-09,West,Wholesale,Frame & body,116,21.28,2468.48,Credit card,71.59
2026-06-09,North,Retail,Engine,14,20.99,293.86,Cash,0.0
2026-06-09,Central,Wholesale,Miscellaneous,91,14.79,1345.89,Credit card,39.03
2026-06-09,North,Retail,Frame & body,7,54.87,384.09,Transfer,3.84
2026-06-09,West,Retail,Suspension & traction,10,14.73,147.3,Transfer,1.47
2026-06-09,Central,Retail,Engine,11,57.87,636.57,Transfer,6.37
2026-06-09,Central,Retail,Frame & body,2,46.32,92.64,Credit card,2.69
2026-06-09,Central,Retail,Electrical system,7,14.43,101.01,Transfer,1.01
2026-06-09,West,Retail,Engine,6,32.57,195.42,Credit card,5.67
2026-06-09,North,Retail,Electrical system,2,22.94,45.88,Transfer,0.46
2026-06-09,North,Retail,Miscellaneous,10,12.62,126.2,Credit card,3.66
2026-06-09,Central,Retail,Engine,10,60.76,607.6,Credit card,17.62
2026-06-09,Central,Retail,Suspension & traction,3,26.15,78.45,Cash,0.0
2026-06-09,Central,Wholesale,Frame & body,88,24.32,2140.16,Transfer,21.4
2026-06-10,Central,Retail,Suspension & traction,6,35.12,210.72,Transfer,2.11
2026-06-10,North,Retail,Suspension & traction,10,33.97,339.7,Credit card,9.85
2026-06-10,Central,Retail,Suspension & traction,14,44.91,628.74,Credit card,18.23
2026-06-10,West,Retail,Miscellaneous,8,12.74,101.92,Cash,0.0
2026-06-10,West,Wholesale,Electrical system,123,30.74,3781.02,Credit card,109.65
2026-06-10,North,Retail,Frame & body,8,58.27,466.16,Transfer,4.66
2026-06-10,North,Retail,Miscellaneous,14,13.46,188.44,Transfer,1.88
2026-06-10,Central,Retail,Suspension & traction,10,34.03,340.3,Credit card,9.87
2026-06-10,Central,Retail,Engine,10,65.44,654.4,Cash,0.0
2026-06-10,West,Retail,Miscellaneous,12,11.25,135.0,Credit card,3.92
2026-06-10,West,Retail,Engine,6,48.08,288.48,Cash,0.0
2026-06-11,Central,Retail,Suspension & traction,13,64.55,839.15,Credit card,24.34
2026-06-11,Central,Retail,Suspension & traction,4,40.75,163.0,Credit card,4.73
2026-06-11,North,Retail,Braking system,6,6.79,40.74,Cash,0.0
2026-06-11,North,Retail,Frame & body,9,28.24,254.16,Credit card,7.37
2026-06-11,Central,Retail,Suspension & traction,5,36.93,184.65,Cash,0.0
2026-06-11,Central,Retail,Miscellaneous,6,17.18,103.08,Transfer,1.03
2026-06-11,North,Wholesale,Suspension & traction,55,49.28,2710.4,Credit card,78.6
2026-06-11,West,Retail,Electrical system,6,32.28,193.68,Credit card,5.62
2026-06-11,West,Retail,Electrical system,4,23.92,95.68,Transfer,0.96
2026-06-11,North,Retail,Electrical system,5,37.71,188.55,Credit card,5.47
2026-06-11,North,Retail,Braking system,10,18.45,184.5,Credit card,5.35
2026-06-11,Central,Retail,Braking system,5,6.99,34.95,Transfer,0.35
2026-06-11,Central,Retail,Miscellaneous,11,13.66,150.26,Cash,0.0
2026-06-12,Central,Retail,Electrical system,3,15.0,45.0,Credit card,1.31
2026-06-12,Central,Retail,Frame & body,13,61.65,801.45,Transfer,8.01
2026-06-12,North,Retail,Electrical system,3,17.27,51.81,Transfer,0.52
2026-06-12,North,Retail,Electrical system,2,14.75,29.5,Cash,0.0
2026-06-12,North,Retail,Electrical system,3,22.57,67.71,Cash,0.0
2026-06-12,Central,Retail,Frame & body,13,62.23,808.99,Transfer,8.09
2026-06-12,West,Retail,Suspension & traction,12,14.38,172.56,Cash,0.0
2026-06-12,Central,Wholesale,Frame & body,41,47.59,1951.19,Cash,0.0
2026-06-12,West,Retail,Electrical system,6,43.7,262.2,Cash,0.0
2026-06-12,Central,Retail,Suspension & traction,14,33.9,474.6,Transfer,4.75
2026-06-12,Central,Retail,Suspension & traction,4,26.29,105.16,Credit card,3.05
2026-06-12,Central,Retail,Frame & body,13,48.03,624.39,Credit card,18.11
2026-06-12,North,Retail,Suspension & traction,9,29.61,266.49,Credit card,7.73
2026-06-12,Central,Retail,Suspension & traction,11,18.34,201.74,Transfer,2.02
2026-06-12,Central,Wholesale,Miscellaneous,60,11.63,697.8,Transfer,6.98
2026-06-13,Central,Wholesale,Frame & body,108,44.76,4834.08,Credit card,140.19
2026-06-13,North,Retail,Suspension & traction,4,53.17,212.68,Credit card,6.17
2026-06-13,Central,Retail,Electrical system,4,43.92,175.68,Cash,0.0
2026-06-13,North,Retail,Miscellaneous,2,7.8,15.6,Cash,0.0
2026-06-13,West,Retail,Suspension & traction,2,35.54,71.08,Cash,0.0
2026-06-13,Central,Retail,Engine,10,27.09,270.9,Transfer,2.71
2026-06-13,Central,Retail,Engine,1,36.62,36.62,Transfer,0.37
2026-06-13,Central,Retail,Suspension & traction,13,48.61,631.93,Cash,0.0
2026-06-13,North,Retail,Engine,4,66.62,266.48,Transfer,2.66
2026-06-13,West,Wholesale,Electrical system,41,15.16,621.56,Credit card,18.03
2026-06-13,North,Wholesale,Miscellaneous,36,22.98,827.28,Cash,0.0
2026-06-13,West,Wholesale,Engine,112,45.45,5090.4,Credit card,147.62
2026-06-13,West,Retail,Braking system,9,25.84,232.56,Transfer,2.33
2026-06-13,North,Retail,Suspension & traction,12,25.4,304.8,Credit card,8.84
2026-06-13,North,Retail,Suspension & traction,3,13.98,41.94,Cash,0.0
2026-06-13,Central,Retail,Braking system,5,19.77,98.85,Transfer,0.99
2026-06-13,North,Retail,Miscellaneous,5,13.73,68.65,Credit card,1.99
2026-06-14,Central,Retail,Frame & body,8,29.94,239.52,Transfer,2.4
2026-06-14,North,Retail,Engine,5,32.56,162.8,Transfer,1.63
2026-06-14,Central,Retail,Suspension & traction,8,14.5,116.0,Cash,0.0
2026-06-14,West,Retail,Electrical system,11,30.27,332.97,Credit card,9.66
2026-06-14,Central,Retail,Suspension & traction,3,42.59,127.77,Transfer,1.28
2026-06-14,North,Retail,Miscellaneous,6,8.22,49.32,Credit card,1.43
2026-06-14,Central,Retail,Electrical system,12,23.98,287.76,Credit card,8.35
2026-06-14,Central,Retail,Frame & body,1,40.11,40.11,Credit card,1.16
2026-06-14,North,Retail,Electrical system,8,9.22,73.76,Credit card,2.14
2026-06-14,Central,Retail,Braking system,1,10.59,10.59,Transfer,0.11
2026-06-14,Central,Retail,Miscellaneous,10,10.91,109.1,Credit card,3.16
2026-06-14,Central,Retail,Electrical system,8,11.32,90.56,Cash,0.0
2026-06-15,Central,Retail,Engine,10,38.21,382.1,Credit card,11.08
2026-06-15,West,Retail,Electrical system,1,18.56,18.56,Credit card,0.54
2026-06-15,Central,Wholesale,Braking system,51,19.85,1012.35,Transfer,10.12
2026-06-15,North,Wholesale,Miscellaneous,33,7.89,260.37,Credit card,7.55
2026-06-15,West,Retail,Electrical system,7,17.63,123.41,Credit card,3.58
2026-06-15,Central,Retail,Suspension & traction,6,43.45,260.7,Credit card,7.56
2026-06-15,Central,Wholesale,Electrical system,78,12.25,955.5,Credit card,27.71
2026-06-15,Central,Retail,Miscellaneous,4,13.3,53.2,Cash,0.0
2026-06-15,Central,Retail,Frame & body,8,66.62,532.96,Credit card,15.46
2026-06-15,North,Retail,Braking system,3,24.62,73.86,Transfer,0.74
2026-06-15,North,Retail,Braking system,9,14.64,131.76,Credit card,3.82
2026-06-15,West,Retail,Braking system,8,25.21,201.68,Credit card,5.85
2026-06-15,Central,Retail,Miscellaneous,8,20.68,165.44,Transfer,1.65
2026-06-16,West,Wholesale,Engine,136,80.67,10971.12,Credit card,318.16
2026-06-16,West,Retail,Electrical system,3,8.22,24.66,Credit card,0.72
2026-06-16,Central,Retail,Suspension & traction,1,35.88,35.88,Transfer,0.36
2026-06-16,Central,Retail,Engine,11,110.82,1219.02,Transfer,12.19
2026-06-16,North,Retail,Braking system,4,16.43,65.72,Transfer,0.66
2026-06-16,West,Wholesale,Electrical system,149,31.95,4760.55,Credit card,138.06
2026-06-16,Central,Retail,Suspension & traction,4,44.25,177.0,Cash,0.0
2026-06-16,North,Retail,Frame & body,10,18.05,180.5,Cash,0.0
2026-06-16,West,Retail,Electrical system,14,39.28,549.92,Cash,0.0
2026-06-16,West,Retail,Braking system,9,12.89,116.01,Credit card,3.36
2026-06-16,North,Retail,Suspension & traction,14,39.22,549.08,Transfer,5.49
2026-06-16,West,Retail,Frame & body,10,42.05,420.5,Credit card,12.19
2026-06-17,Central,Retail,Braking system,12,43.63,523.56,Transfer,5.24
2026-06-17,Central,Retail,Braking system,9,18.75,168.75,Transfer,1.69
2026-06-17,North,Wholesale,Miscellaneous,87,14.43,1255.41,Credit card,36.41
2026-06-17,West,Retail,Braking system,10,27.84,278.4,Transfer,2.78
2026-06-17,Central,Retail,Electrical system,5,21.95,109.75,Credit card,3.18
2026-06-17,West,Retail,Miscellaneous,11,9.36,102.96,Credit card,2.99
2026-06-17,Central,Retail,Braking system,14,25.9,362.6,Cash,0.0
2026-06-17,Central,Retail,Frame & body,13,71.69,931.97,Credit card,27.03
2026-06-17,Central,Wholesale,Miscellaneous,82,11.17,915.94,Credit card,26.56
2026-06-17,North,Wholesale,Miscellaneous,149,12.34,1838.66,Credit card,53.32
2026-06-17,North,Retail,Braking system,3,9.82,29.46,Credit card,0.85
2026-06-17,West,Wholesale,Engine,63,88.47,5573.61,Credit card,161.63
2026-06-17,North,Retail,Electrical system,1,21.78,21.78,Transfer,0.22
2026-06-17,North,Retail,Braking system,9,24.11,216.99,Transfer,2.17
2026-06-18,North,Retail,Braking system,8,25.33,202.64,Cash,0.0
2026-06-18,Central,Retail,Electrical system,14,19.6,274.4,Transfer,2.74
2026-06-18,West,Retail,Frame & body,2,61.58,123.16,Transfer,1.23
2026-06-18,North,Wholesale,Miscellaneous,25,12.06,301.5,Credit card,8.74
2026-06-18,West,Retail,Miscellaneous,13,16.08,209.04,Cash,0.0
2026-06-18,Central,Retail,Electrical system,4,13.72,54.88,Transfer,0.55
2026-06-19,North,Retail,Engine,8,48.46,387.68,Cash,0.0
2026-06-19,Central,Retail,Miscellaneous,13,31.95,415.35,Cash,0.0
2026-06-19,Central,Retail,Engine,10,92.26,922.6,Credit card,26.76
2026-06-19,North,Retail,Engine,5,64.59,322.95,Transfer,3.23
2026-06-19,Central,Retail,Braking system,13,17.93,233.09,Cash,0.0
2026-06-19,West,Retail,Miscellaneous,5,18.21,91.05,Transfer,0.91
2026-06-19,Central,Retail,Miscellaneous,1,22.69,22.69,Cash,0.0
2026-06-19,West,Retail,Engine,3,56.8,170.4,Credit card,4.94
2026-06-19,Central,Retail,Frame & body,1,46.93,46.93,Cash,0.0
2026-06-19,Central,Retail,Electrical system,9,53.25,479.25,Credit card,13.9
2026-06-19,North,Retail,Braking system,12,24.42,293.04,Credit card,8.5
2026-06-20,North,Retail,Frame & body,6,72.3,433.8,Cash,0.0
2026-06-20,West,Retail,Braking system,5,12.21,61.05,Cash,0.0
2026-06-21,Central,Wholesale,Braking system,69,18.74,1293.06,Credit card,37.5
2026-06-21,Central,Retail,Suspension & traction,5,20.36,101.8,Cash,0.0
2026-06-21,Central,Wholesale,Frame & body,120,24.68,2961.6,Credit card,85.89
2026-06-21,Central,Retail,Electrical system,4,24.86,99.44,Credit card,2.88
2026-06-21,West,Retail,Braking system,4,8.34,33.36,Transfer,0.33
2026-06-21,Central,Retail,Electrical system,4,17.55,70.2,Transfer,0.7
2026-06-21,Central,Retail,Frame & body,3,22.98,68.94,Credit card,2.0
2026-06-22,West,Retail,Engine,5,60.03,300.15,Cash,0.0
2026-06-22,Central,Retail,Miscellaneous,8,12.36,98.88,Credit card,2.87
2026-06-22,Central,Retail,Miscellaneous,4,20.76,83.04,Credit card,2.41
2026-06-22,West,Wholesale,Electrical system,81,28.93,2343.33,Transfer,23.43
2026-06-22,Central,Retail,Miscellaneous,6,17.14,102.84,Cash,0.0
2026-06-22,Central,Retail,Electrical system,14,20.43,286.02,Transfer,2.86
2026-06-22,West,Wholesale,Frame & body,100,62.57,6257.0,Transfer,62.57
2026-06-22,Central,Retail,Suspension & traction,13,18.84,244.92,Credit card,7.1
2026-06-22,North,Retail,Engine,7,16.71,116.97,Transfer,1.17
2026-06-22,Central,Retail,Frame & body,3,31.12,93.36,Credit card,2.71
2026-06-22,Central,Retail,Miscellaneous,6,11.43,68.58,Transfer,0.69
2026-06-22,Central,Wholesale,Braking system,101,12.58,1270.58,Transfer,12.71
2026-06-23,West,Retail,Suspension & traction,10,58.18,581.8,Transfer,5.82
2026-06-23,Central,Retail,Engine,4,60.64,242.56,Credit card,7.03
2026-06-23,Central,Wholesale,Engine,36,17.21,619.56,Credit card,17.97
2026-06-23,Central,Retail,Braking system,7,9.63,67.41,Transfer,0.67
2026-06-23,North,Wholesale,Engine,24,63.36,1520.64,Credit card,44.1
2026-06-23,Central,Retail,Frame & body,14,27.56,385.84,Transfer,3.86
2026-06-23,North,Retail,Miscellaneous,7,13.82,96.74,Credit card,2.81
2026-06-23,North,Wholesale,Suspension & traction,75,44.32,3324.0,Credit card,96.4
2026-06-23,Central,Retail,Engine,5,14.75,73.75,Transfer,0.74
2026-06-23,Central,Retail,Electrical system,1,16.78,16.78,Credit card,0.49
2026-06-23,Central,Retail,Braking system,12,27.77,333.24,Credit card,9.66
2026-06-23,Central,Wholesale,Suspension & traction,66,52.46,3462.36,Credit card,100.41
2026-06-23,Central,Retail,Frame & body,2,25.67,51.34,Cash,0.0
2026-06-24,North,Retail,Engine,1,59.53,59.53,Credit card,1.73
2026-06-24,West,Retail,Miscellaneous,10,13.03,130.3,Transfer,1.3
2026-06-24,North,Wholesale,Braking system,134,31.59,4233.06,Credit card,122.76
2026-06-24,West,Retail,Engine,1,82.53,82.53,Transfer,0.83
2026-06-24,Central,Wholesale,Electrical system,147,26.78,3936.66,Transfer,39.37
2026-06-25,Central,Retail,Frame & body,12,30.67,368.04,Transfer,3.68
2026-06-25,West,Wholesale,Miscellaneous,39,10.51,409.89,Transfer,4.1
2026-06-25,West,Retail,Braking system,11,49.68,546.48,Credit card,15.85
2026-06-25,Central,Retail,Frame & body,11,16.64,183.04,Transfer,1.83
2026-06-25,North,Retail,Electrical system,8,23.72,189.76,Credit card,5.5
2026-06-25,Central,Retail,Suspension & traction,14,43.14,603.96,Transfer,6.04
2026-06-25,Central,Wholesale,Engine,92,68.91,6339.72,Credit card,183.85
2026-06-25,Central,Wholesale,Engine,60,28.97,1738.2,Cash,0.0
2026-06-25,North,Retail,Engine,4,66.97,267.88,Credit card,7.77
2026-06-25,Central,Retail,Electrical system,7,18.51,129.57,Cash,0.0
2026-06-26,North,Retail,Suspension & traction,13,23.71,308.23,Transfer,3.08
2026-06-26,West,Wholesale,Frame & body,49,22.35,1095.15,Credit card,31.76
2026-06-26,West,Retail,Frame & body,3,62.57,187.71,Credit card,5.44
2026-06-26,North,Retail,Frame & body,2,60.47,120.94,Transfer,1.21
2026-06-26,Central,Retail,Frame & body,3,52.93,158.79,Credit card,4.6
2026-06-26,Central,Retail,Frame & body,1,42.31,42.31,Transfer,0.42
2026-06-26,Central,Retail,Engine,13,54.77,712.01,Credit card,20.65
2026-06-26,Central,Retail,Miscellaneous,8,5.14,41.12,Transfer,0.41
2026-06-26,North,Wholesale,Suspension & traction,62,29.24,1812.88,Cash,0.0
2026-06-26,Central,Retail,Electrical system,3,16.18,48.54,Credit card,1.41
2026-06-26,North,Retail,Electrical system,4,32.25,129.0,Transfer,1.29
2026-06-26,North,Retail,Frame & body,9,28.78,259.02,Credit card,7.51
2026-06-27,Central,Retail,Electrical system,12,50.18,602.16,Credit card,17.46
2026-06-27,Central,Retail,Frame & body,3,55.6,166.8,Transfer,1.67
2026-06-27,Central,Wholesale,Electrical system,48,32.53,1561.44,Transfer,15.61
2026-06-27,West,Retail,Miscellaneous,9,9.35,84.15,Cash,0.0
2026-06-27,Central,Retail,Miscellaneous,13,15.04,195.52,Cash,0.0
2026-06-27,Central,Retail,Electrical system,4,20.0,80.0,Cash,0.0
2026-06-27,North,Retail,Suspension & traction,13,26.22,340.86,Cash,0.0
2026-06-27,West,Retail,Engine,10,46.16,461.6,Credit card,13.39
2026-06-27,West,Retail,Engine,10,32.64,326.4,Cash,0.0
2026-06-27,North,Retail,Miscellaneous,14,14.5,203.0,Transfer,2.03
2026-06-27,West,Wholesale,Suspension & traction,102,28.06,2862.12,Credit card,83.0
2026-06-28,North,Retail,Frame & body,3,8.34,25.02,Cash,0.0
2026-06-28,North,Retail,Miscellaneous,12,19.8,237.6,Cash,0.0
2026-06-28,West,Retail,Miscellaneous,3,11.83,35.49,Transfer,0.35
2026-06-28,North,Retail,Frame & body,4,21.64,86.56,Transfer,0.87
2026-06-28,Central,Retail,Engine,8,47.07,376.56,Credit card,10.92
2026-06-28,North,Retail,Electrical system,14,13.02,182.28,Transfer,1.82
2026-06-28,Central,Retail,Engine,10,51.63,516.3,Cash,0.0
2026-06-28,North,Retail,Braking system,1,21.46,21.46,Transfer,0.21
2026-06-28,Central,Retail,Electrical system,8,21.22,169.76,Transfer,1.7
2026-06-28,Central,Retail,Electrical system,3,17.82,53.46,Credit card,1.55
2026-06-28,Central,Retail,Frame & body,2,34.27,68.54,Cash,0.0
2026-06-28,Central,Retail,Engine,7,32.71,228.97,Credit card,6.64
2026-06-28,West,Retail,Frame & body,7,49.54,346.78,Cash,0.0
2026-06-28,West,Retail,Braking system,1,8.14,8.14,Cash,0.0
2026-06-29,Central,Retail,Braking system,13,20.26,263.38,Credit card,7.64
2026-06-29,West,Retail,Suspension & traction,10,3.34,33.4,Credit card,0.97
2026-06-29,Central,Retail,Engine,9,70.16,631.44,Cash,0.0
2026-06-29,Central,Retail,Electrical system,7,20.37,142.59,Credit card,4.14
2026-06-29,Central,Retail,Miscellaneous,14,23.01,322.14,Transfer,3.22
2026-06-29,Central,Retail,Miscellaneous,6,7.7,46.2,Transfer,0.46
2026-06-29,North,Retail,Engine,10,46.0,460.0,Transfer,4.6
2026-06-29,Central,Retail,Suspension & traction,11,24.07,264.77,Credit card,7.68
2026-06-29,Central,Retail,Suspension & traction,10,27.15,271.5,Credit card,7.87
2026-06-29,North,Retail,Electrical system,9,30.57,275.13,Transfer,2.75
2026-06-30,Central,Retail,Frame & body,11,176.97,1946.67,Credit card,56.45
2026-06-30,West,Wholesale,Miscellaneous,33,20.78,685.74,Cash,0.0
2026-06-30,West,Retail,Frame & body,13,23.66,307.58,Transfer,3.08
2026-06-30,Central,Retail,Frame & body,10,42.39,423.9,Credit card,12.29
2026-06-30,Central,Wholesale,Frame & body,33,30.31,1000.23,Credit card,29.01
2026-06-30,North,Wholesale,Miscellaneous,29,13.99,405.71,Credit card,11.77
2026-06-30,Central,Retail,Miscellaneous,10,11.25,112.5,Credit card,3.26
2026-06-30,North,Retail,Frame & body,3,56.62,169.86,Cash,0.0
2026-06-30,North,Wholesale,Electrical system,106,22.4,2374.4,Cash,0.0
2026-06-30,North,Retail,Engine,5,72.54,362.7,Cash,0.0
2026-06-30,Central,Retail,Braking system,10,17.99,179.9,Credit card,5.22
2026-06-30,Central,Retail,Frame & body,7,35.09,245.63,Credit card,7.12
2026-06-30,North,Wholesale,Frame & body,72,20.33,1463.76,Credit card,42.45
2026-06-30,Central,Wholesale,Suspension & traction,42,24.73,1038.66,Cash,0.0
2026-07-01,Central,Retail,Frame & body,1,42.8,42.8,Transfer,0.43
2026-07-01,Central,Wholesale,Frame & body,87,35.23,3065.01,Credit card,88.89
2026-07-01,Central,Retail,Electrical system,6,67.78,406.68,Transfer,4.07
2026-07-01,Central,Retail,Miscellaneous,5,8.45,42.25,Transfer,0.42
2026-07-01,Central,Retail,Suspension & traction,7,28.43,199.01,Transfer,1.99
2026-07-01,Central,Retail,Engine,10,23.98,239.8,Cash,0.0
2026-07-01,Central,Wholesale,Braking system,100,16.61,1661.0,Transfer,16.61
2026-07-01,West,Retail,Electrical system,10,70.2,702.0,Credit card,20.36
2026-07-01,North,Retail,Miscellaneous,13,10.1,131.3,Credit card,3.81
2026-07-02,Central,Retail,Engine,6,25.52,153.12,Transfer,1.53
2026-07-02,North,Wholesale,Braking system,22,49.37,1086.14,Transfer,10.86
2026-07-02,Central,Retail,Suspension & traction,13,30.59,397.67,Credit card,11.53
2026-07-02,Central,Wholesale,Frame & body,86,36.25,3117.5,Cash,0.0
2026-07-02,Central,Retail,Braking system,13,13.95,181.35,Transfer,1.81
2026-07-02,North,Retail,Frame & body,4,77.32,309.28,Transfer,3.09
2026-07-03,West,Retail,Frame & body,6,38.43,230.58,Credit card,6.69
2026-07-03,Central,Retail,Electrical system,4,24.73,98.92,Credit card,2.87
2026-07-03,West,Retail,Engine,5,91.8,459.0,Credit card,13.31
2026-07-04,Central,Retail,Braking system,14,13.92,194.88,Transfer,1.95
2026-07-04,Central,Retail,Braking system,10,14.12,141.2,Transfer,1.41
2026-07-04,West,Wholesale,Frame & body,43,26.96,1159.28,Credit card,33.62
2026-07-04,West,Retail,Braking system,6,19.61,117.66,Cash,0.0
2026-07-04,North,Retail,Miscellaneous,6,18.69,112.14,Transfer,1.12
2026-07-04,North,Retail,Suspension & traction,1,19.02,19.02,Credit card,0.55
2026-07-04,Central,Retail,Suspension & traction,5,23.34,116.7,Credit card,3.38
2026-07-04,Central,Retail,Electrical system,11,59.96,659.56,Cash,0.0
2026-07-04,Central,Retail,Braking system,3,12.9,38.7,Transfer,0.39
2026-07-04,Central,Retail,Braking system,7,46.86,328.02,Transfer,3.28
2026-07-04,North,Wholesale,Engine,77,29.82,2296.14,Transfer,22.96
2026-07-05,West,Retail,Miscellaneous,9,8.33,74.97,Credit card,2.17
2026-07-05,Central,Wholesale,Frame & body,129,15.78,2035.62,Credit card,59.03
2026-07-05,North,Retail,Braking system,7,35.98,251.86,Cash,0.0
2026-07-05,Central,Retail,Engine,9,12.9,116.1,Transfer,1.16
2026-07-05,North,Retail,Engine,13,44.65,580.45,Transfer,5.8
2026-07-05,West,Retail,Miscellaneous,7,12.14,84.98,Transfer,0.85
2026-07-05,Central,Wholesale,Miscellaneous,52,13.97,726.44,Credit card,21.07
2026-07-05,Central,Retail,Engine,11,21.37,235.07,Credit card,6.82
2026-07-05,Central,Wholesale,Electrical system,33,58.77,1939.41,Cash,0.0
2026-07-05,Central,Retail,Frame & body,11,24.35,267.85,Credit card,7.77
2026-07-05,Central,Wholesale,Electrical system,141,11.57,1631.37,Credit card,47.31
2026-07-06,Central,Retail,Suspension & traction,14,49.19,688.66,Transfer,6.89
2026-07-06,West,Retail,Frame & body,6,43.75,262.5,Credit card,7.61
2026-07-06,West,Retail,Electrical system,6,22.54,135.24,Transfer,1.35
2026-07-06,West,Retail,Braking system,3,6.24,18.72,Transfer,0.19
2026-07-06,North,Retail,Engine,2,102.44,204.88,Transfer,2.05
2026-07-07,North,Retail,Electrical system,11,9.3,102.3,Transfer,1.02
2026-07-07,North,Retail,Engine,2,18.21,36.42,Credit card,1.06
2026-07-07,North,Retail,Frame & body,3,13.32,39.96,Credit card,1.16
2026-07-08,North,Retail,Engine,9,35.77,321.93,Cash,0.0
2026-07-08,West,Retail,Engine,11,41.37,455.07,Transfer,4.55
2026-07-08,North,Retail,Suspension & traction,12,36.21,434.52,Transfer,4.35
2026-07-08,West,Wholesale,Engine,104,105.9,11013.6,Transfer,110.14
2026-07-08,North,Retail,Electrical system,10,16.56,165.6,Cash,0.0
2026-07-08,West,Retail,Electrical system,14,46.49,650.86,Credit card,18.87
2026-07-08,Central,Wholesale,Miscellaneous,30,14.71,441.3,Credit card,12.8
2026-07-08,Central,Retail,Electrical system,9,25.97,233.73,Transfer,2.34
2026-07-08,Central,Retail,Frame & body,13,26.16,340.08,Cash,0.0
2026-07-08,Central,Retail,Frame & body,9,23.97,215.73,Credit card,6.26
2026-07-08,West,Retail,Engine,13,130.08,1691.04,Transfer,16.91
2026-07-08,Central,Retail,Suspension & traction,13,29.48,383.24,Credit card,11.11
2026-07-08,North,Retail,Frame & body,13,28.65,372.45,Cash,0.0
2026-07-09,North,Retail,Electrical system,4,45.36,181.44,Cash,0.0
2026-07-09,North,Retail,Suspension & traction,10,17.39,173.9,Transfer,1.74
2026-07-09,Central,Retail,Suspension & traction,13,38.13,495.69,Transfer,4.96
2026-07-09,North,Retail,Frame & body,1,68.89,68.89,Transfer,0.69
2026-07-09,Central,Retail,Miscellaneous,13,11.08,144.04,Cash,0.0
2026-07-09,Central,Retail,Braking system,3,16.7,50.1,Cash,0.0
2026-07-09,North,Retail,Electrical system,13,26.56,345.28,Credit card,10.01
2026-07-09,North,Wholesale,Electrical system,56,41.41,2318.96,Cash,0.0
2026-07-09,North,Retail,Engine,12,40.57,486.84,Transfer,4.87
2026-07-09,Central,Retail,Braking system,2,28.53,57.06,Transfer,0.57
2026-07-09,Central,Wholesale,Engine,58,15.21,882.18,Credit card,25.58
2026-07-10,Central,Retail,Frame & body,6,32.03,192.18,Cash,0.0
2026-07-10,West,Retail,Frame & body,7,38.73,271.11,Transfer,2.71
2026-07-10,Central,Wholesale,Frame & body,82,38.25,3136.5,Credit card,90.96
2026-07-10,North,Retail,Braking system,1,13.16,13.16,Credit card,0.38
2026-07-10,North,Retail,Miscellaneous,11,13.51,148.61,Credit card,4.31
2026-07-10,Central,Retail,Braking system,3,12.26,36.78,Credit card,1.07
2026-07-10,North,Wholesale,Frame & body,77,35.22,2711.94,Credit card,78.65
2026-07-10,Central,Retail,Engine,14,37.5,525.0,Credit card,15.23
2026-07-10,Central,Retail,Braking system,2,15.88,31.76,Transfer,0.32
2026-07-10,Central,Retail,Miscellaneous,13,13.97,181.61,Credit card,5.27
2026-07-10,Central,Retail,Miscellaneous,7,16.55,115.85,Credit card,3.36
2026-07-10,Central,Wholesale,Miscellaneous,142,10.74,1525.08,Cash,0.0
2026-07-10,West,Wholesale,Miscellaneous,76,11.75,893.0,Cash,0.0
2026-07-11,West,Retail,Engine,10,44.77,447.7,Credit card,12.98
2026-07-11,West,Retail,Suspension & traction,9,16.54,148.86,Credit card,4.32
2026-07-11,Central,Retail,Engine,12,51.71,620.52,Credit card,18.0
2026-07-11,West,Retail,Engine,2,32.52,65.04,Credit card,1.89
2026-07-11,Central,Retail,Miscellaneous,10,8.4,84.0,Cash,0.0
2026-07-11,North,Retail,Miscellaneous,4,7.39,29.56,Credit card,0.86
2026-07-11,West,Retail,Suspension & traction,8,35.55,284.4,Transfer,2.84
2026-07-11,Central,Retail,Frame & body,1,25.12,25.12,Cash,0.0
2026-07-11,North,Retail,Suspension & traction,1,46.66,46.66,Credit card,1.35
2026-07-11,Central,Retail,Miscellaneous,7,9.33,65.31,Transfer,0.65
2026-07-11,North,Retail,Frame & body,5,100.8,504.0,Credit card,14.62
2026-07-11,West,Retail,Suspension & traction,1,32.77,32.77,Cash,0.0
2026-07-11,Central,Retail,Electrical system,2,19.34,38.68,Credit card,1.12
2026-07-12,North,Wholesale,Frame & body,38,37.03,1407.14,Cash,0.0
2026-07-12,Central,Wholesale,Braking system,92,7.91,727.72,Credit card,21.1
2026-07-12,Central,Retail,Braking system,7,13.64,95.48,Credit card,2.77
2026-07-12,Central,Wholesale,Suspension & traction,44,64.39,2833.16,Credit card,82.16
2026-07-12,Central,Retail,Frame & body,11,30.2,332.2,Cash,0.0
2026-07-12,West,Retail,Frame & body,5,40.83,204.15,Credit card,5.92
2026-07-12,West,Wholesale,Frame & body,112,17.91,2005.92,Credit card,58.17
2026-07-12,Central,Wholesale,Miscellaneous,144,3.43,493.92,Credit card,14.32
2026-07-12,Central,Retail,Braking system,2,57.18,114.36,Credit card,3.32
2026-07-12,North,Retail,Suspension & traction,7,14.16,99.12,Credit card,2.87
2026-07-12,North,Retail,Miscellaneous,10,11.39,113.9,Credit card,3.3
2026-07-12,Central,Retail,Suspension & traction,13,19.34,251.42,Transfer,2.51
2026-07-12,Central,Retail,Suspension & traction,6,39.82,238.92,Transfer,2.39
2026-07-12,Central,Retail,Electrical system,4,23.84,95.36,Transfer,0.95
2026-07-12,Central,Retail,Miscellaneous,13,18.8,244.4,Credit card,7.09
2026-07-12,Central,Retail,Frame & body,10,17.43,174.3,Credit card,5.05
2026-07-13,West,Retail,Suspension & traction,9,26.22,235.98,Credit card,6.84
2026-07-13,Central,Retail,Miscellaneous,2,11.13,22.26,Transfer,0.22
2026-07-13,North,Retail,Frame & body,13,15.37,199.81,Transfer,2.0
2026-07-13,West,Retail,Electrical system,10,41.04,410.4,Credit card,11.9
2026-07-13,Central,Retail,Braking system,4,10.95,43.8,Credit card,1.27
2026-07-13,Central,Wholesale,Braking system,100,18.28,1828.0,Cash,0.0
2026-07-13,West,Retail,Suspension & traction,11,71.3,784.3,Transfer,7.84
2026-07-13,Central,Retail,Frame & body,10,31.34,313.4,Transfer,3.13
2026-07-13,West,Retail,Braking system,11,13.58,149.38,Transfer,1.49
2026-07-13,North,Wholesale,Electrical system,98,19.3,1891.4,Credit card,54.85
2026-07-13,Central,Wholesale,Braking system,61,24.4,1488.4,Credit card,43.16
2026-07-13,Central,Retail,Electrical system,3,16.14,48.42,Credit card,1.4
2026-07-13,Central,Retail,Frame & body,14,28.13,393.82,Credit card,11.42
2026-07-13,Central,Retail,Electrical system,1,16.51,16.51,Transfer,0.17
2026-07-13,Central,Retail,Suspension & traction,6,14.82,88.92,Credit card,2.58
2026-07-13,Central,Retail,Electrical system,11,22.01,242.11,Credit card,7.02
2026-07-13,North,Retail,Frame & body,7,29.77,208.39,Transfer,2.08
2026-07-14,Central,Retail,Electrical system,4,41.56,166.24,Credit card,4.82
2026-07-14,North,Retail,Braking system,8,14.07,112.56,Credit card,3.26
2026-07-14,Central,Retail,Frame & body,13,51.78,673.14,Credit card,19.52
2026-07-14,North,Retail,Frame & body,13,63.0,819.0,Credit card,23.75
2026-07-14,Central,Retail,Engine,13,88.28,1147.64,Transfer,11.48
2026-07-14,Central,Retail,Braking system,9,24.89,224.01,Cash,0.0
2026-07-14,North,Retail,Engine,9,85.67,771.03,Credit card,22.36
2026-07-14,Central,Retail,Electrical system,5,28.69,143.45,Cash,0.0
2026-07-14,Central,Retail,Suspension & traction,8,29.62,236.96,Credit card,6.87
2026-07-14,West,Wholesale,Braking system,65,19.31,1255.15,Transfer,12.55
2026-07-14,West,Retail,Frame & body,7,40.38,282.66,Credit card,8.2
2026-07-14,North,Retail,Frame & body,1,37.66,37.66,Credit card,1.09
2026-07-14,Central,Retail,Miscellaneous,4,9.08,36.32,Credit card,1.05
2026-07-15,West,Wholesale,Miscellaneous,91,8.69,790.79,Cash,0.0
2026-07-15,West,Retail,Engine,13,47.82,621.66,Transfer,6.22
2026-07-15,West,Retail,Electrical system,5,11.72,58.6,Credit card,1.7
2026-07-15,West,Retail,Miscellaneous,3,11.75,35.25,Cash,0.0
2026-07-15,Central,Retail,Miscellaneous,8,9.23,73.84,Credit card,2.14
2026-07-15,West,Retail,Electrical system,10,34.8,348.0,Transfer,3.48
2026-07-16,North,Retail,Braking system,14,23.54,329.56,Credit card,9.56
2026-07-16,Central,Retail,Engine,9,25.65,230.85,Credit card,6.69
2026-07-16,North,Wholesale,Engine,66,72.52,4786.32,Cash,0.0
2026-07-16,Central,Retail,Miscellaneous,1,22.91,22.91,Cash,0.0
2026-07-16,Central,Retail,Miscellaneous,10,7.05,70.5,Transfer,0.7
2026-07-16,West,Retail,Braking system,11,28.35,311.85,Transfer,3.12
2026-07-16,North,Retail,Suspension & traction,5,29.44,147.2,Credit card,4.27
2026-07-16,North,Retail,Frame & body,13,52.26,679.38,Credit card,19.7
2026-07-16,Central,Retail,Miscellaneous,14,11.0,154.0,Cash,0.0
2026-07-16,North,Retail,Suspension & traction,5,21.8,109.0,Transfer,1.09
2026-07-16,Central,Wholesale,Miscellaneous,83,11.13,923.79,Transfer,9.24
2026-07-16,North,Retail,Suspension & traction,10,36.62,366.2,Cash,0.0
2026-07-17,Central,Retail,Engine,13,47.01,611.13,Credit card,17.72
2026-07-17,Central,Retail,Frame & body,2,21.89,43.78,Transfer,0.44
2026-07-17,Central,Wholesale,Frame & body,46,47.71,2194.66,Transfer,21.95
2026-07-17,West,Retail,Suspension & traction,11,24.01,264.11,Credit card,7.66
2026-07-17,North,Retail,Braking system,11,11.64,128.04,Credit card,3.71
2026-07-17,Central,Retail,Braking system,12,21.1,253.2,Credit card,7.34
2026-07-17,Central,Wholesale,Electrical system,60,17.82,1069.2,Credit card,31.01
2026-07-17,Central,Retail,Engine,5,53.82,269.1,Transfer,2.69
2026-07-17,West,Wholesale,Electrical system,133,57.63,7664.79,Credit card,222.28
2026-07-17,Central,Retail,Engine,10,21.57,215.7,Credit card,6.26
2026-07-17,Central,Retail,Braking system,9,12.24,110.16,Transfer,1.1
2026-07-17,Central,Wholesale,Electrical system,117,16.42,1921.14,Transfer,19.21
2026-07-17,West,Retail,Electrical system,9,31.13,280.17,Cash,0.0
2026-07-18,Central,Wholesale,Frame & body,65,90.9,5908.5,Credit card,171.35
2026-07-18,Central,Retail,Electrical system,9,29.34,264.06,Transfer,2.64
2026-07-18,Central,Retail,Frame & body,1,58.47,58.47,Transfer,0.58
2026-07-18,Central,Retail,Braking system,6,17.21,103.26,Transfer,1.03
2026-07-18,West,Retail,Electrical system,14,26.27,367.78,Cash,0.0
2026-07-18,Central,Retail,Miscellaneous,4,27.35,109.4,Transfer,1.09
2026-07-18,Central,Retail,Engine,9,140.32,1262.88,Credit card,36.62
2026-07-18,Central,Retail,Braking system,9,34.16,307.44,Cash,0.0
2026-07-18,West,Wholesale,Braking system,110,30.5,3355.0,Credit card,97.3
2026-07-18,Central,Wholesale,Engine,111,101.39,11254.29,Cash,0.0
2026-07-18,West,Retail,Engine,11,27.61,303.71,Credit card,8.81
2026-07-19,West,Retail,Braking system,3,31.92,95.76,Credit card,2.78
2026-07-19,West,Retail,Suspension & traction,14,31.0,434.0,Transfer,4.34
2026-07-19,North,Retail,Miscellaneous,5,9.63,48.15,Transfer,0.48
2026-07-19,North,Retail,Suspension & traction,7,54.1,378.7,Credit card,10.98
2026-07-19,Central,Retail,Engine,4,94.06,376.24,Credit card,10.91
2026-07-19,North,Retail,Frame & body,12,44.8,537.6,Credit card,15.59
2026-07-19,Central,Wholesale,Braking system,23,18.2,418.6,Credit card,12.14
2026-07-19,North,Retail,Braking system,1,24.12,24.12,Credit card,0.7
2026-07-19,West,Retail,Suspension & traction,14,52.27,731.78,Cash,0.0
2026-07-19,Central,Retail,Suspension & traction,2,11.86,23.72,Credit card,0.69
2026-07-20,Central,Retail,Miscellaneous,8,17.61,140.88,Cash,0.0
2026-07-20,West,Wholesale,Suspension & traction,27,37.67,1017.09,Credit card,29.5
2026-07-20,Central,Retail,Electrical system,2,30.41,60.82,Credit card,1.76
2026-07-20,North,Retail,Electrical system,7,111.83,782.81,Transfer,7.83
2026-07-20,Central,Wholesale,Electrical system,86,14.43,1240.98,Cash,0.0
2026-07-20,North,Retail,Miscellaneous,8,10.32,82.56,Credit card,2.39
2026-07-20,Central,Retail,Braking system,1,26.95,26.95,Cash,0.0
2026-07-20,North,Wholesale,Electrical system,116,29.89,3467.24,Cash,0.0
2026-07-20,North,Retail,Electrical system,10,21.39,213.9,Cash,0.0
2026-07-20,West,Wholesale,Engine,145,60.15,8721.75,Transfer,87.22
2026-07-20,Central,Wholesale,Suspension & traction,60,33.8,2028.0,Cash,0.0
2026-07-20,West,Wholesale,Suspension & traction,132,18.1,2389.2,Credit card,69.29
2026-07-21,Central,Retail,Frame & body,10,31.89,318.9,Credit card,9.25
2026-07-21,Central,Retail,Engine,13,15.9,206.7,Transfer,2.07
2026-07-21,Central,Retail,Miscellaneous,9,8.17,73.53,Credit card,2.13
2026-07-21,Central,Wholesale,Braking system,87,14.65,1274.55,Credit card,36.96
2026-07-21,Central,Retail,Braking system,12,14.89,178.68,Credit card,5.18
2026-07-21,North,Wholesale,Suspension & traction,32,18.6,595.2,Credit card,17.26
2026-07-21,Central,Wholesale,Suspension & traction,98,21.48,2105.04,Credit card,61.05
2026-07-21,Central,Retail,Frame & body,2,17.95,35.9,Transfer,0.36
2026-07-21,West,Retail,Engine,4,50.05,200.2,Credit card,5.81
2026-07-21,Central,Retail,Suspension & traction,5,54.82,274.1,Credit card,7.95
2026-07-21,Central,Retail,Frame & body,8,31.86,254.88,Cash,0.0
2026-07-21,Central,Retail,Electrical system,14,27.17,380.38,Credit card,11.03
2026-07-21,North,Retail,Miscellaneous,2,15.36,30.72,Cash,0.0
2026-07-21,West,Wholesale,Engine,122,71.9,8771.8,Transfer,87.72
2026-07-22,West,Retail,Suspension & traction,13,29.03,377.39,Transfer,3.77
2026-07-22,North,Wholesale,Braking system,114,28.77,3279.78,Credit card,95.11
2026-07-22,Central,Retail,Braking system,7,21.52,150.64,Credit card,4.37
2026-07-22,Central,Retail,Engine,9,35.53,319.77,Credit card,9.27
2026-07-22,Central,Retail,Braking system,11,8.89,97.79,Cash,0.0
2026-07-22,Central,Wholesale,Braking system,40,25.71,1028.4,Cash,0.0
2026-07-22,West,Wholesale,Miscellaneous,25,5.13,128.25,Credit card,3.72
2026-07-22,West,Wholesale,Braking system,42,31.24,1312.08,Transfer,13.12
2026-07-22,North,Retail,Miscellaneous,12,9.62,115.44,Cash,0.0
2026-07-23,West,Retail,Electrical system,8,29.08,232.64,Credit card,6.75
2026-07-23,West,Retail,Engine,1,85.64,85.64,Credit card,2.48
2026-07-23,Central,Retail,Electrical system,14,47.79,669.06,Credit card,19.4
2026-07-23,West,Retail,Braking system,13,26.58,345.54,Cash,0.0
2026-07-23,Central,Retail,Miscellaneous,2,14.22,28.44,Transfer,0.28
2026-07-23,Central,Retail,Electrical system,11,30.98,340.78,Credit card,9.88
2026-07-23,Central,Retail,Miscellaneous,3,9.94,29.82,Transfer,0.3
2026-07-23,Central,Retail,Electrical system,2,18.85,37.7,Transfer,0.38
2026-07-23,Central,Wholesale,Frame & body,89,61.79,5499.31,Transfer,54.99
2026-07-23,Central,Retail,Miscellaneous,4,13.18,52.72,Cash,0.0
2026-07-23,Central,Retail,Suspension & traction,1,11.66,11.66,Credit card,0.34
2026-07-24,North,Retail,Frame & body,10,20.59,205.9,Transfer,2.06
2026-07-24,Central,Retail,Electrical system,4,18.87,75.48,Transfer,0.75
2026-07-24,North,Retail,Suspension & traction,5,12.94,64.7,Credit card,1.88
2026-07-24,North,Retail,Suspension & traction,4,32.68,130.72,Credit card,3.79
2026-07-24,Central,Retail,Braking system,2,28.62,57.24,Transfer,0.57
2026-07-24,North,Wholesale,Miscellaneous,85,17.13,1456.05,Cash,0.0
2026-07-24,Central,Retail,Frame & body,12,37.99,455.88,Credit card,13.22
2026-07-24,Central,Retail,Electrical system,4,40.98,163.92,Credit card,4.75
2026-07-25,Central,Retail,Miscellaneous,2,14.11,28.22,Cash,0.0
2026-07-25,Central,Retail,Frame & body,14,14.5,203.0,Transfer,2.03
2026-07-25,North,Wholesale,Frame & body,62,19.17,1188.54,Credit card,34.47
2026-07-25,Central,Wholesale,Braking system,47,22.91,1076.77,Credit card,31.23
2026-07-25,West,Wholesale,Electrical system,135,58.13,7847.55,Transfer,78.48
2026-07-25,North,Wholesale,Engine,120,22.08,2649.6,Credit card,76.84
2026-07-25,Central,Retail,Frame & body,7,67.56,472.92,Cash,0.0
2026-07-25,Central,Wholesale,Electrical system,138,18.69,2579.22,Cash,0.0
2026-07-25,Central,Retail,Braking system,7,12.78,89.46,Transfer,0.89
2026-07-25,North,Retail,Frame & body,8,61.42,491.36,Credit card,14.25
2026-07-25,West,Retail,Electrical system,7,48.88,342.16,Transfer,3.42
2026-07-25,Central,Retail,Braking system,5,36.96,184.8,Cash,0.0
2026-07-25,West,Retail,Frame & body,7,57.76,404.32,Transfer,4.04
2026-07-25,Central,Wholesale,Frame & body,86,35.04,3013.44,Cash,0.0
2026-07-26,North,Retail,Miscellaneous,6,9.37,56.22,Cash,0.0
2026-07-26,North,Retail,Electrical system,7,24.19,169.33,Credit card,4.91
2026-07-26,North,Retail,Engine,4,53.52,214.08,Credit card,6.21
2026-07-26,North,Retail,Engine,13,43.7,568.1,Credit card,16.47
2026-07-26,Central,Retail,Electrical system,13,17.25,224.25,Transfer,2.24
2026-07-26,Central,Wholesale,Miscellaneous,112,16.09,1802.08,Credit card,52.26
2026-07-26,Central,Retail,Engine,2,45.14,90.28,Credit card,2.62
2026-07-26,Central,Retail,Engine,9,34.99,314.91,Transfer,3.15
2026-07-26,Central,Retail,Frame & body,10,45.06,450.6,Cash,0.0
2026-07-26,North,Retail,Braking system,7,31.95,223.65,Credit card,6.49
2026-07-27,North,Retail,Miscellaneous,10,8.85,88.5,Transfer,0.88
2026-07-27,Central,Retail,Miscellaneous,12,9.91,118.92,Transfer,1.19
2026-07-27,Central,Wholesale,Engine,43,56.78,2441.54,Credit card,70.8
2026-07-27,Central,Retail,Frame & body,12,50.13,601.56,Credit card,17.45
2026-07-27,North,Retail,Engine,8,24.91,199.28,Credit card,5.78
2026-07-27,North,Retail,Electrical system,5,9.25,46.25,Credit card,1.34
2026-07-27,North,Retail,Miscellaneous,3,11.19,33.57,Credit card,0.97
2026-07-27,West,Retail,Suspension & traction,7,13.15,92.05,Credit card,2.67
2026-07-27,West,Retail,Electrical system,1,27.75,27.75,Transfer,0.28
2026-07-27,North,Wholesale,Miscellaneous,83,33.13,2749.79,Credit card,79.74
2026-07-27,Central,Retail,Suspension & traction,10,57.77,577.7,Cash,0.0
2026-07-28,Central,Retail,Engine,6,30.78,184.68,Transfer,1.85
2026-07-28,West,Retail,Frame & body,6,27.42,164.52,Transfer,1.65
2026-07-28,Central,Retail,Suspension & traction,8,21.06,168.48,Credit card,4.89
2026-07-28,Central,Retail,Frame & body,7,13.02,91.14,Cash,0.0
2026-07-28,Central,Retail,Frame & body,1,35.36,35.36,Transfer,0.35
2026-07-28,Central,Retail,Braking system,3,21.14,63.42,Credit card,1.84
2026-07-28,Central,Retail,Engine,11,42.82,471.02,Cash,0.0
2026-07-28,Central,Retail,Electrical system,7,13.19,92.33,Cash,0.0
2026-07-28,West,Wholesale,Suspension & traction,62,23.62,1464.44,Cash,0.0
2026-07-28,West,Retail,Miscellaneous,8,15.47,123.76,Transfer,1.24
2026-07-29,Central,Retail,Suspension & traction,8,32.99,263.92,Transfer,2.64
2026-07-29,North,Retail,Miscellaneous,12,8.39,100.68,Credit card,2.92
2026-07-29,West,Wholesale,Suspension & traction,30,39.73,1191.9,Credit card,34.57
2026-07-29,Central,Retail,Braking system,4,21.75,87.0,Transfer,0.87
2026-07-29,West,Retail,Electrical system,4,28.77,115.08,Credit card,3.34
2026-07-29,Central,Retail,Engine,9,72.54,652.86,Transfer,6.53
2026-07-29,West,Wholesale,Suspension & traction,127,20.36,2585.72,Credit card,74.99
2026-07-29,Central,Retail,Miscellaneous,12,17.38,208.56,Transfer,2.09
2026-07-29,Central,Retail,Braking system,3,11.9,35.7,Credit card,1.04
2026-07-29,North,Wholesale,Miscellaneous,64,16.42,1050.88,Transfer,10.51
2026-07-29,West,Retail,Frame & body,3,23.28,69.84,Transfer,0.7
2026-07-29,North,Retail,Electrical system,10,33.77,337.7,Credit card,9.79
2026-07-29,Central,Retail,Suspension & traction,13,27.72,360.36,Credit card,10.45
2026-07-30,North,Retail,Electrical system,6,33.28,199.68,Cash,0.0
2026-07-30,Central,Retail,Braking system,7,24.28,169.96,Cash,0.0
2026-07-30,Central,Retail,Electrical system,3,46.13,138.39,Credit card,4.01
2026-07-30,West,Retail,Electrical system,2,25.56,51.12,Transfer,0.51
2026-07-30,Central,Retail,Braking system,13,51.6,670.8,Cash,0.0
2026-07-30,North,Retail,Miscellaneous,11,17.11,188.21,Credit card,5.46
2026-07-30,North,Retail,Miscellaneous,12,7.93,95.16,Credit card,2.76
2026-07-30,North,Wholesale,Suspension & traction,123,25.46,3131.58,Credit card,90.82
2026-07-30,North,Retail,Electrical system,6,24.58,147.48,Transfer,1.47
2026-07-31,North,Wholesale,Engine,63,45.59,2872.17,Credit card,83.29
2026-07-31,Central,Retail,Engine,13,19.81,257.53,Cash,0.0
2026-07-31,West,Retail,Frame & body,2,70.93,141.86,Cash,0.0
2026-07-31,West,Retail,Miscellaneous,6,9.0,54.0,Credit card,1.57
2026-07-31,North,Retail,Engine,10,51.64,516.4,Transfer,5.16
2026-07-31,North,Retail,Electrical system,10,18.45,184.5,Cash,0.0
2026-07-31,West,Retail,Suspension & traction,6,32.37,194.22,Credit card,5.63
2026-07-31,Central,Retail,Suspension & traction,2,49.81,99.62,Credit card,2.89
2026-07-31,West,Retail,Frame & body,10,40.1,401.0,Credit card,11.63
2026-07-31,West,Wholesale,Frame & body,116,30.13,3495.08,Credit card,101.36
2026-07-31,North,Retail,Miscellaneous,5,11.54,57.7,Cash,0.0
2026-08-01,West,Retail,Braking system,10,18.05,180.5,Transfer,1.8
2026-08-01,Central,Retail,Miscellaneous,2,10.73,21.46,Credit card,0.62
2026-08-01,North,Retail,Suspension & traction,13,31.64,411.32,Transfer,4.11
2026-08-01,Central,Retail,Miscellaneous,2,6.64,13.28,Credit card,0.39
2026-08-01,North,Retail,Suspension & traction,10,36.46,364.6,Credit card,10.57
2026-08-01,Central,Wholesale,Frame & body,126,47.46,5979.96,Credit card,173.42
2026-08-01,North,Wholesale,Frame & body,96,51.46,4940.16,Transfer,49.4
2026-08-01,Central,Wholesale,Engine,57,66.92,3814.44,Transfer,38.14
2026-08-01,Central,Retail,Frame & body,14,30.76,430.64,Credit card,12.49
2026-08-01,Central,Retail,Braking system,5,17.49,87.45,Transfer,0.87
2026-08-01,Central,Wholesale,Miscellaneous,96,8.08,775.68,Credit card,22.49
2026-08-01,North,Wholesale,Frame & body,145,46.9,6800.5,Transfer,68.0
2026-08-01,Central,Retail,Engine,7,35.46,248.22,Transfer,2.48
2026-08-01,North,Retail,Suspension & traction,12,17.79,213.48,Transfer,2.13
2026-08-02,Central,Wholesale,Electrical system,51,15.22,776.22,Transfer,7.76
2026-08-02,Central,Retail,Electrical system,5,20.97,104.85,Credit card,3.04
2026-08-02,Central,Retail,Miscellaneous,2,19.55,39.1,Cash,0.0
2026-08-02,Central,Retail,Braking system,13,20.16,262.08,Credit card,7.6
2026-08-02,Central,Retail,Electrical system,6,29.38,176.28,Transfer,1.76
2026-08-02,Central,Wholesale,Frame & body,137,49.66,6803.42,Credit card,197.3
2026-08-02,Central,Retail,Braking system,7,15.31,107.17,Cash,0.0
2026-08-02,Central,Retail,Electrical system,11,26.92,296.12,Credit card,8.59
2026-08-02,North,Retail,Miscellaneous,1,17.95,17.95,Transfer,0.18
2026-08-02,West,Retail,Electrical system,6,26.31,157.86,Credit card,4.58
2026-08-03,Central,Retail,Frame & body,4,41.02,164.08,Cash,0.0
2026-08-03,West,Retail,Braking system,6,7.24,43.44,Transfer,0.43
2026-08-03,West,Retail,Frame & body,11,26.66,293.26,Credit card,8.5
2026-08-03,North,Wholesale,Electrical system,32,29.66,949.12,Cash,0.0
2026-08-03,West,Retail,Suspension & traction,12,20.45,245.4,Credit card,7.12
2026-08-03,Central,Retail,Frame & body,8,28.55,228.4,Cash,0.0
2026-08-03,Central,Retail,Electrical system,14,31.88,446.32,Credit card,12.94
2026-08-03,West,Retail,Engine,10,43.27,432.7,Credit card,12.55
2026-08-04,West,Retail,Miscellaneous,13,12.49,162.37,Credit card,4.71
2026-08-04,West,Retail,Miscellaneous,7,13.14,91.98,Cash,0.0
2026-08-04,Central,Retail,Electrical system,4,19.52,78.08,Transfer,0.78
2026-08-04,Central,Retail,Frame & body,1,90.15,90.15,Credit card,2.61
2026-08-04,West,Retail,Engine,8,73.95,591.6,Transfer,5.92
2026-08-04,West,Retail,Miscellaneous,13,19.0,247.0,Transfer,2.47
2026-08-04,North,Retail,Miscellaneous,1,19.39,19.39,Credit card,0.56
2026-08-04,Central,Retail,Frame & body,12,45.41,544.92,Credit card,15.8
2026-08-04,Central,Retail,Suspension & traction,7,18.41,128.87,Cash,0.0
2026-08-04,North,Retail,Suspension & traction,7,66.97,468.79,Transfer,4.69
2026-08-04,Central,Retail,Electrical system,6,17.35,104.1,Transfer,1.04
2026-08-04,Central,Wholesale,Engine,37,30.47,1127.39,Credit card,32.69
2026-08-05,North,Retail,Electrical system,1,13.65,13.65,Transfer,0.14
2026-08-05,West,Retail,Engine,12,92.66,1111.92,Transfer,11.12
2026-08-05,Central,Retail,Suspension & traction,8,58.95,471.6,Transfer,4.72
2026-08-05,Central,Retail,Braking system,4,17.5,70.0,Transfer,0.7
2026-08-05,Central,Retail,Braking system,5,20.96,104.8,Transfer,1.05
2026-08-05,West,Retail,Electrical system,2,24.78,49.56,Transfer,0.5
2026-08-06,Central,Retail,Frame & body,3,47.02,141.06,Transfer,1.41
2026-08-06,Central,Retail,Braking system,9,18.65,167.85,Cash,0.0
2026-08-06,Central,Retail,Frame & body,14,18.63,260.82,Transfer,2.61
2026-08-06,Central,Wholesale,Frame & body,123,23.07,2837.61,Credit card,82.29
2026-08-06,Central,Wholesale,Braking system,59,26.55,1566.45,Transfer,15.66
2026-08-06,Central,Retail,Suspension & traction,3,52.82,158.46,Credit card,4.6
2026-08-06,Central,Retail,Engine,8,86.81,694.48,Transfer,6.94
2026-08-06,North,Retail,Braking system,6,17.27,103.62,Credit card,3.0
2026-08-06,Central,Retail,Electrical system,1,22.93,22.93,Transfer,0.23
2026-08-06,North,Retail,Frame & body,2,32.71,65.42,Cash,0.0
2026-08-06,Central,Retail,Engine,1,56.73,56.73,Cash,0.0
2026-08-06,Central,Retail,Electrical system,1,12.77,12.77,Transfer,0.13
2026-08-06,Central,Wholesale,Engine,131,49.84,6529.04,Transfer,65.29
2026-08-06,Central,Retail,Suspension & traction,8,68.34,546.72,Cash,0.0
2026-08-07,North,Retail,Frame & body,12,16.81,201.72,Transfer,2.02
2026-08-07,Central,Wholesale,Electrical system,114,7.72,880.08,Credit card,25.52
2026-08-07,Central,Retail,Electrical system,6,13.34,80.04,Cash,0.0
2026-08-07,Central,Retail,Electrical system,3,15.3,45.9,Credit card,1.33
2026-08-07,North,Retail,Electrical system,13,23.75,308.75,Transfer,3.09
2026-08-07,Central,Retail,Miscellaneous,13,11.99,155.87,Cash,0.0
2026-08-07,West,Retail,Frame & body,14,55.91,782.74,Transfer,7.83
2026-08-07,Central,Retail,Electrical system,9,26.71,240.39,Transfer,2.4
2026-08-07,North,Retail,Electrical system,3,20.56,61.68,Credit card,1.79
2026-08-07,West,Retail,Braking system,6,21.59,129.54,Cash,0.0
2026-08-07,Central,Retail,Frame & body,6,34.48,206.88,Credit card,6.0
2026-08-07,West,Retail,Electrical system,13,16.14,209.82,Cash,0.0
2026-08-07,West,Retail,Engine,1,58.1,58.1,Cash,0.0
2026-08-07,West,Wholesale,Braking system,136,12.85,1747.6,Credit card,50.68
2026-08-07,North,Retail,Miscellaneous,9,10.44,93.96,Cash,0.0
2026-08-07,Central,Wholesale,Braking system,52,13.79,717.08,Credit card,20.8
2026-08-07,North,Retail,Suspension & traction,13,37.94,493.22,Transfer,4.93
2026-08-08,West,Retail,Electrical system,9,16.36,147.24,Transfer,1.47
2026-08-08,Central,Retail,Miscellaneous,8,22.8,182.4,Transfer,1.82
2026-08-08,West,Retail,Frame & body,7,60.98,426.86,Transfer,4.27
2026-08-08,North,Retail,Frame & body,11,42.13,463.43,Credit card,13.44
2026-08-08,Central,Retail,Electrical system,14,10.84,151.76,Credit card,4.4
2026-08-08,Central,Retail,Electrical system,6,17.16,102.96,Cash,0.0
2026-08-08,Central,Retail,Electrical system,12,31.9,382.8,Transfer,3.83
2026-08-08,North,Retail,Miscellaneous,6,13.0,78.0,Cash,0.0
2026-08-08,Central,Retail,Engine,13,28.93,376.09,Transfer,3.76
2026-08-09,Central,Retail,Engine,1,84.83,84.83,Transfer,0.85
2026-08-09,Central,Retail,Electrical system,2,25.13,50.26,Cash,0.0
2026-08-09,Central,Retail,Electrical system,8,29.15,233.2,Transfer,2.33
2026-08-09,Central,Retail,Braking system,2,15.21,30.42,Transfer,0.3
2026-08-09,Central,Retail,Frame & body,13,73.42,954.46,Credit card,27.68
2026-08-10,Central,Retail,Miscellaneous,6,20.22,121.32,Cash,0.0
2026-08-10,Central,Retail,Frame & body,7,53.51,374.57,Cash,0.0
2026-08-10,West,Retail,Electrical system,14,49.71,695.94,Credit card,20.18
2026-08-10,Central,Retail,Braking system,7,12.01,84.07,Transfer,0.84
2026-08-10,North,Retail,Frame & body,12,15.33,183.96,Cash,0.0
2026-08-10,North,Retail,Braking system,3,10.34,31.02,Credit card,0.9
2026-08-10,Central,Retail,Frame & body,7,55.85,390.95,Transfer,3.91
2026-08-10,Central,Wholesale,Suspension & traction,88,74.33,6541.04,Credit card,189.69
2026-08-10,Central,Retail,Suspension & traction,6,17.29,103.74,Transfer,1.04
2026-08-10,Central,Retail,Frame & body,7,124.32,870.24,Cash,0.0
2026-08-10,West,Retail,Suspension & traction,1,32.31,32.31,Transfer,0.32
2026-08-10,North,Retail,Miscellaneous,12,7.56,90.72,Cash,0.0
2026-08-10,Central,Retail,Electrical system,3,18.52,55.56,Credit card,1.61
2026-08-11,Central,Retail,Miscellaneous,11,6.43,70.73,Credit card,2.05
2026-08-11,Central,Retail,Suspension & traction,11,63.37,697.07,Credit card,20.22
2026-08-11,West,Wholesale,Miscellaneous,83,14.19,1177.77,Credit card,34.16
2026-08-11,West,Wholesale,Braking system,113,13.73,1551.49,Credit card,44.99
2026-08-11,West,Retail,Suspension & traction,10,14.11,141.1,Credit card,4.09
2026-08-11,West,Retail,Braking system,3,10.95,32.85,Cash,0.0
2026-08-11,North,Wholesale,Electrical system,137,33.47,4585.39,Credit card,132.98
2026-08-11,Central,Retail,Miscellaneous,14,6.52,91.28,Transfer,0.91
2026-08-11,Central,Retail,Braking system,10,8.78,87.8,Cash,0.0
2026-08-11,Central,Wholesale,Engine,81,29.87,2419.47,Credit card,70.16
2026-08-11,North,Retail,Suspension & traction,13,32.87,427.31,Credit card,12.39
2026-08-11,North,Wholesale,Electrical system,139,29.41,4087.99,Credit card,118.55
2026-08-11,West,Retail,Frame & body,9,61.57,554.13,Transfer,5.54
2026-08-11,North,Retail,Frame & body,8,71.81,574.48,Credit card,16.66
2026-08-11,West,Retail,Miscellaneous,12,8.43,101.16,Transfer,1.01
2026-08-11,Central,Retail,Suspension & traction,7,41.95,293.65,Cash,0.0
2026-08-12,Central,Wholesale,Electrical system,114,23.49,2677.86,Credit card,77.66
2026-08-12,Central,Retail,Frame & body,1,34.92,34.92,Credit card,1.01
2026-08-12,Central,Retail,Suspension & traction,8,59.61,476.88,Transfer,4.77
2026-08-12,Central,Retail,Frame & body,11,33.69,370.59,Credit card,10.75
2026-08-12,Central,Retail,Electrical system,6,77.88,467.28,Credit card,13.55
2026-08-12,Central,Retail,Frame & body,1,17.05,17.05,Transfer,0.17
2026-08-12,Central,Retail,Suspension & traction,2,13.14,26.28,Credit card,0.76
2026-08-12,Central,Retail,Frame & body,9,44.07,396.63,Transfer,3.97
2026-08-12,West,Wholesale,Engine,145,60.01,8701.45,Transfer,87.01
2026-08-12,North,Retail,Braking system,13,36.71,477.23,Transfer,4.77
2026-08-12,North,Wholesale,Electrical system,140,30.21,4229.4,Transfer,42.29
2026-08-12,North,Retail,Suspension & traction,3,19.57,58.71,Transfer,0.59
2026-08-12,Central,Retail,Miscellaneous,8,8.67,69.36,Cash,0.0
2026-08-12,North,Retail,Miscellaneous,3,9.26,27.78,Credit card,0.81
2026-08-12,Central,Retail,Frame & body,2,10.78,21.56,Credit card,0.63
2026-08-13,West,Retail,Engine,4,28.3,113.2,Cash,0.0
2026-08-13,West,Wholesale,Frame & body,69,11.9,821.1,Credit card,23.81
2026-08-13,North,Retail,Miscellaneous,5,5.88,29.4,Cash,0.0
2026-08-13,Central,Retail,Braking system,8,7.75,62.0,Cash,0.0
2026-08-13,Central,Retail,Suspension & traction,2,45.75,91.5,Cash,0.0
2026-08-13,Central,Retail,Suspension & traction,4,78.49,313.96,Credit card,9.1
2026-08-13,West,Retail,Braking system,4,46.56,186.24,Credit card,5.4
2026-08-13,Central,Retail,Engine,9,59.34,534.06,Transfer,5.34
2026-08-13,Central,Retail,Frame & body,5,53.93,269.65,Credit card,7.82
2026-08-13,Central,Retail,Engine,7,52.89,370.23,Transfer,3.7
2026-08-13,West,Retail,Braking system,13,19.25,250.25,Transfer,2.5
2026-08-13,Central,Retail,Suspension & traction,6,37.93,227.58,Cash,0.0
2026-08-13,North,Retail,Braking system,4,28.58,114.32,Transfer,1.14
2026-08-13,North,Wholesale,Miscellaneous,115,23.45,2696.75,Transfer,26.97
2026-08-13,Central,Wholesale,Frame & body,134,109.85,14719.9,Transfer,147.2
2026-08-14,North,Retail,Miscellaneous,8,29.3,234.4,Credit card,6.8
2026-08-14,North,Retail,Engine,3,43.84,131.52,Credit card,3.81
2026-08-14,Central,Retail,Braking system,5,23.55,117.75,Credit card,3.41
2026-08-14,Central,Retail,Engine,4,40.44,161.76,Transfer,1.62
2026-08-14,North,Wholesale,Engine,42,32.07,1346.94,Credit card,39.06
2026-08-14,West,Retail,Braking system,4,47.18,188.72,Transfer,1.89
2026-08-14,West,Retail,Electrical system,7,27.57,192.99,Transfer,1.93
2026-08-14,North,Wholesale,Suspension & traction,57,26.59,1515.63,Transfer,15.16
2026-08-14,Central,Wholesale,Braking system,114,6.21,707.94,Transfer,7.08
2026-08-14,North,Retail,Electrical system,11,16.62,182.82,Transfer,1.83
2026-08-15,West,Retail,Suspension & traction,6,13.35,80.1,Transfer,0.8
2026-08-15,Central,Retail,Suspension & traction,8,15.48,123.84,Credit card,3.59
2026-08-15,West,Retail,Miscellaneous,5,14.5,72.5,Credit card,2.1
2026-08-15,Central,Retail,Frame & body,10,26.67,266.7,Credit card,7.73
2026-08-15,Central,Wholesale,Engine,32,40.63,1300.16,Transfer,13.0
2026-08-15,Central,Retail,Suspension & traction,4,30.43,121.72,Cash,0.0
2026-08-15,West,Retail,Braking system,2,26.65,53.3,Transfer,0.53
2026-08-15,North,Retail,Miscellaneous,4,16.98,67.92,Credit card,1.97
2026-08-15,Central,Retail,Electrical system,12,14.91,178.92,Transfer,1.79
2026-08-15,North,Retail,Frame & body,7,71.08,497.56,Transfer,4.98
2026-08-16,North,Retail,Frame & body,5,29.64,148.2,Transfer,1.48
2026-08-16,Central,Retail,Frame & body,7,40.98,286.86,Credit card,8.32
2026-08-16,North,Wholesale,Electrical system,36,24.5,882.0,Credit card,25.58
2026-08-16,Central,Retail,Suspension & traction,12,21.47,257.64,Credit card,7.47
2026-08-16,North,Retail,Frame & body,11,14.74,162.14,Cash,0.0
2026-08-16,Central,Wholesale,Frame & body,77,24.51,1887.27,Transfer,18.87
2026-08-16,West,Retail,Suspension & traction,7,39.66,277.62,Transfer,2.78
2026-08-16,North,Retail,Suspension & traction,12,14.12,169.44,Transfer,1.69
2026-08-16,Central,Retail,Suspension & traction,12,22.79,273.48,Credit card,7.93
2026-08-16,North,Retail,Electrical system,14,17.42,243.88,Transfer,2.44
2026-08-16,Central,Retail,Engine,1,52.43,52.43,Transfer,0.52
2026-08-16,West,Retail,Braking system,3,14.01,42.03,Transfer,0.42
2026-08-16,Central,Retail,Braking system,2,25.02,50.04,Credit card,1.45
2026-08-17,Central,Retail,Suspension & traction,7,14.73,103.11,Transfer,1.03
2026-08-17,Central,Retail,Suspension & traction,10,41.6,416.0,Transfer,4.16
2026-08-17,West,Retail,Miscellaneous,2,20.53,41.06,Transfer,0.41
2026-08-17,North,Retail,Suspension & traction,4,12.08,48.32,Credit card,1.4
2026-08-17,Central,Wholesale,Frame & body,73,54.68,3991.64,Cash,0.0
2026-08-17,Central,Retail,Miscellaneous,8,21.66,173.28,Transfer,1.73
2026-08-17,Central,Wholesale,Braking system,105,8.88,932.4,Transfer,9.32
2026-08-17,North,Wholesale,Engine,86,64.54,5550.44,Transfer,55.5
2026-08-17,Central,Retail,Suspension & traction,5,36.13,180.65,Credit card,5.24
2026-08-17,Central,Retail,Electrical system,5,38.59,192.95,Transfer,1.93
2026-08-17,North,Retail,Miscellaneous,2,19.83,39.66,Credit card,1.15
2026-08-17,Central,Retail,Frame & body,11,31.9,350.9,Credit card,10.18
2026-08-17,North,Retail,Miscellaneous,11,10.73,118.03,Transfer,1.18
2026-08-18,West,Retail,Miscellaneous,7,15.5,108.5,Transfer,1.08
2026-08-18,North,Retail,Braking system,12,10.99,131.88,Credit card,3.82
2026-08-18,Central,Retail,Braking system,14,18.07,252.98,Transfer,2.53
2026-08-18,West,Retail,Braking system,1,22.3,22.3,Cash,0.0
2026-08-18,North,Retail,Engine,5,40.2,201.0,Cash,0.0
2026-08-18,West,Retail,Miscellaneous,3,10.12,30.36,Credit card,0.88
2026-08-18,Central,Retail,Braking system,10,21.16,211.6,Credit card,6.14
2026-08-18,West,Retail,Suspension & traction,6,26.77,160.62,Transfer,1.61
2026-08-18,North,Retail,Frame & body,7,29.59,207.13,Credit card,6.01
2026-08-18,Central,Retail,Braking system,12,7.01,84.12,Cash,0.0
2026-08-18,North,Retail,Braking system,11,16.38,180.18,Transfer,1.8
2026-08-18,West,Retail,Electrical system,2,90.38,180.76,Credit card,5.24
2026-08-18,Central,Retail,Suspension & traction,9,37.41,336.69,Transfer,3.37
2026-08-18,Central,Retail,Suspension & traction,9,31.57,284.13,Credit card,8.24
2026-08-18,North,Retail,Suspension & traction,13,100.17,1302.21,Transfer,13.02
2026-08-19,Central,Retail,Miscellaneous,1,16.2,16.2,Cash,0.0
2026-08-19,North,Retail,Miscellaneous,7,24.69,172.83,Cash,0.0
2026-08-19,Central,Retail,Miscellaneous,11,23.82,262.02,Cash,0.0
2026-08-19,North,Retail,Miscellaneous,8,9.18,73.44,Credit card,2.13
2026-08-19,Central,Retail,Braking system,13,22.33,290.29,Transfer,2.9
2026-08-20,North,Retail,Electrical system,4,18.62,74.48,Transfer,0.74
2026-08-20,Central,Retail,Electrical system,5,27.2,136.0,Cash,0.0
2026-08-20,West,Retail,Braking system,7,12.93,90.51,Transfer,0.91
2026-08-20,Central,Retail,Braking system,4,22.1,88.4,Credit card,2.56
2026-08-20,West,Retail,Frame & body,9,86.57,779.13,Cash,0.0
2026-08-21,Central,Wholesale,Miscellaneous,138,21.68,2991.84,Credit card,86.76
2026-08-21,Central,Retail,Braking system,13,17.53,227.89,Transfer,2.28
2026-08-21,North,Retail,Braking system,13,10.45,135.85,Transfer,1.36
2026-08-21,Central,Wholesale,Miscellaneous,114,16.85,1920.9,Credit card,55.71
2026-08-21,Central,Wholesale,Miscellaneous,146,7.47,1090.62,Credit card,31.63
2026-08-21,Central,Retail,Frame & body,6,47.74,286.44,Credit card,8.31
2026-08-22,North,Wholesale,Engine,64,8.7,556.8,Credit card,16.15
2026-08-22,West,Retail,Miscellaneous,2,8.43,16.86,Credit card,0.49
2026-08-22,Central,Retail,Engine,12,43.4,520.8,Transfer,5.21
2026-08-22,Central,Retail,Suspension & traction,1,44.5,44.5,Credit card,1.29
2026-08-22,North,Retail,Braking system,9,18.29,164.61,Credit card,4.77
2026-08-22,Central,Retail,Engine,2,96.68,193.36,Transfer,1.93
2026-08-22,North,Retail,Frame & body,12,63.65,763.8,Credit card,22.15
2026-08-22,North,Wholesale,Engine,137,13.53,1853.61,Credit card,53.75
2026-08-22,North,Wholesale,Braking system,107,14.81,1584.67,Cash,0.0
2026-08-22,Central,Retail,Miscellaneous,14,17.99,251.86,Credit card,7.3
2026-08-23,North,Retail,Electrical system,14,30.41,425.74,Credit card,12.35
2026-08-23,Central,Retail,Miscellaneous,6,18.16,108.96,Credit card,3.16
2026-08-23,West,Wholesale,Engine,87,25.49,2217.63,Credit card,64.31
2026-08-23,Central,Wholesale,Frame & body,72,30.17,2172.24,Credit card,62.99
2026-08-23,Central,Retail,Frame & body,10,52.14,521.4,Transfer,5.21
2026-08-23,Central,Wholesale,Engine,58,24.93,1445.94,Transfer,14.46
2026-08-23,Central,Retail,Frame & body,13,90.02,1170.26,Credit card,33.94
2026-08-24,Central,Retail,Braking system,3,18.28,54.84,Transfer,0.55
2026-08-24,Central,Retail,Electrical system,11,35.1,386.1,Cash,0.0
2026-08-24,West,Retail,Miscellaneous,3,17.81,53.43,Credit card,1.55
2026-08-24,North,Retail,Suspension & traction,9,21.22,190.98,Credit card,5.54
2026-08-24,West,Wholesale,Frame & body,86,62.38,5364.68,Cash,0.0
2026-08-24,Central,Retail,Electrical system,5,37.68,188.4,Credit card,5.46
2026-08-24,North,Wholesale,Frame & body,70,21.73,1521.1,Credit card,44.11
2026-08-24,Central,Retail,Engine,13,25.67,333.71,Transfer,3.34
2026-08-24,Central,Retail,Suspension & traction,5,24.81,124.05,Cash,0.0
2026-08-24,North,Retail,Electrical system,12,12.86,154.32,Cash,0.0
2026-08-24,Central,Retail,Electrical system,4,51.52,206.08,Credit card,5.98
2026-08-24,Central,Retail,Braking system,7,10.46,73.22,Credit card,2.12
2026-08-24,Central,Wholesale,Suspension & traction,87,36.52,3177.24,Transfer,31.77
2026-08-25,Central,Retail,Engine,8,45.7,365.6,Credit card,10.6
2026-08-25,West,Wholesale,Suspension & traction,98,25.61,2509.78,Credit card,72.78
2026-08-25,Central,Retail,Frame & body,11,51.33,564.63,Cash,0.0
2026-08-25,North,Retail,Miscellaneous,5,14.01,70.05,Credit card,2.03
2026-08-25,Central,Wholesale,Frame & body,95,46.54,4421.3,Transfer,44.21
2026-08-25,Central,Retail,Engine,4,131.08,524.32,Credit card,15.21
2026-08-25,North,Retail,Miscellaneous,7,14.07,98.49,Transfer,0.98
2026-08-25,West,Retail,Suspension & traction,9,25.26,227.34,Cash,0.0
2026-08-25,Central,Wholesale,Frame & body,23,23.87,549.01,Credit card,15.92
2026-08-25,Central,Retail,Miscellaneous,4,8.12,32.48,Transfer,0.32
2026-08-25,North,Retail,Engine,7,33.64,235.48,Credit card,6.83
2026-08-25,North,Retail,Engine,8,124.03,992.24,Credit card,28.77
2026-08-25,North,Retail,Electrical system,13,32.17,418.21,Transfer,4.18
2026-08-25,North,Retail,Braking system,8,26.31,210.48,Credit card,6.1
2026-08-26,West,Wholesale,Electrical system,105,36.76,3859.8,Credit card,111.93
2026-08-26,North,Retail,Suspension & traction,12,30.52,366.24,Transfer,3.66
2026-08-26,Central,Retail,Suspension & traction,7,38.97,272.79,Transfer,2.73
2026-08-26,Central,Wholesale,Electrical system,136,15.91,2163.76,Credit card,62.75
2026-08-26,West,Retail,Braking system,9,25.44,228.96,Credit card,6.64
2026-08-26,Central,Wholesale,Frame & body,24,22.26,534.24,Credit card,15.49
2026-08-26,North,Wholesale,Braking system,125,13.47,1683.75,Cash,0.0
2026-08-26,Central,Retail,Engine,4,46.34,185.36,Credit card,5.38
2026-08-26,Central,Retail,Miscellaneous,7,7.51,52.57,Cash,0.0
2026-08-26,Central,Retail,Electrical system,4,6.25,25.0,Transfer,0.25
2026-08-27,Central,Retail,Suspension & traction,13,106.21,1380.73,Transfer,13.81
2026-08-27,Central,Retail,Engine,10,24.62,246.2,Credit card,7.14
2026-08-27,Central,Retail,Miscellaneous,10,14.54,145.4,Credit card,4.22
2026-08-27,Central,Retail,Engine,10,42.58,425.8,Credit card,12.35
2026-08-27,Central,Retail,Electrical system,13,9.86,128.18,Cash,0.0
2026-08-27,West,Retail,Electrical system,2,11.44,22.88,Credit card,0.66
2026-08-27,West,Wholesale,Engine,39,151.44,5906.16,Transfer,59.06
2026-08-27,Central,Retail,Suspension & traction,10,22.81,228.1,Credit card,6.61
2026-08-27,West,Wholesale,Miscellaneous,141,12.8,1804.8,Transfer,18.05
2026-08-27,Central,Wholesale,Suspension & traction,71,45.03,3197.13,Credit card,92.72
2026-08-27,Central,Retail,Engine,4,76.49,305.96,Credit card,8.87
2026-08-27,West,Retail,Engine,11,77.38,851.18,Transfer,8.51
2026-08-27,Central,Retail,Braking system,7,15.41,107.87,Credit card,3.13
2026-08-28,Central,Retail,Suspension & traction,6,45.84,275.04,Transfer,2.75
2026-08-28,Central,Retail,Frame & body,5,33.62,168.1,Transfer,1.68
2026-08-28,West,Retail,Engine,4,38.1,152.4,Credit card,4.42
2026-08-28,North,Retail,Suspension & traction,5,78.28,391.4,Cash,0.0
2026-08-28,Central,Retail,Frame & body,9,23.13,208.17,Transfer,2.08
2026-08-28,Central,Wholesale,Electrical system,93,33.06,3074.58,Transfer,30.75
2026-08-28,Central,Retail,Electrical system,12,25.41,304.92,Credit card,8.84
2026-08-28,North,Retail,Engine,6,58.86,353.16,Credit card,10.24
2026-08-28,North,Wholesale,Engine,22,200.38,4408.36,Credit card,127.84
2026-08-28,West,Wholesale,Engine,85,46.28,3933.8,Transfer,39.34
2026-08-28,Central,Retail,Miscellaneous,6,9.02,54.12,Credit card,1.57
2026-08-28,Central,Retail,Suspension & traction,14,33.44,468.16,Credit card,13.58
2026-08-28,North,Wholesale,Braking system,56,12.89,721.84,Cash,0.0
2026-08-28,West,Retail,Frame & body,7,24.62,172.34,Cash,0.0
2026-08-28,Central,Wholesale,Miscellaneous,31,9.26,287.06,Credit card,8.32
2026-08-29,West,Retail,Braking system,6,23.81,142.86,Transfer,1.43
2026-08-29,Central,Retail,Frame & body,7,21.28,148.96,Transfer,1.49
2026-08-29,West,Retail,Suspension & traction,6,16.56,99.36,Credit card,2.88
2026-08-29,North,Retail,Suspension & traction,9,23.27,209.43,Credit card,6.07
2026-08-29,Central,Retail,Engine,11,19.25,211.75,Transfer,2.12
2026-08-29,Central,Wholesale,Frame & body,66,30.67,2024.22,Transfer,20.24
2026-08-29,North,Wholesale,Miscellaneous,92,27.19,2501.48,Credit card,72.54
2026-08-29,Central,Retail,Frame & body,6,39.73,238.38,Credit card,6.91
2026-08-29,North,Retail,Engine,7,108.18,757.26,Credit card,21.96
2026-08-29,Central,Retail,Miscellaneous,10,8.12,81.2,Cash,0.0
2026-08-29,West,Retail,Electrical system,10,32.22,322.2,Credit card,9.34
2026-08-29,Central,Wholesale,Frame & body,145,61.72,8949.4,Credit card,259.53
2026-08-29,West,Retail,Frame & body,5,23.81,119.05,Cash,0.0
2026-08-30,North,Retail,Electrical system,9,24.33,218.97,Credit card,6.35
2026-08-30,Central,Retail,Electrical system,3,12.82,38.46,Credit card,1.12
2026-08-30,Central,Retail,Engine,8,76.46,611.68,Credit card,17.74
2026-08-30,Central,Retail,Frame & body,7,58.25,407.75,Credit card,11.82
2026-08-30,Central,Retail,Frame & body,3,44.35,133.05,Cash,0.0
2026-08-30,West,Retail,Braking system,13,14.43,187.59,Credit card,5.44
2026-08-30,Central,Retail,Electrical system,12,30.43,365.16,Transfer,3.65
2026-08-31,Central,Retail,Engine,10,22.92,229.2,Transfer,2.29
2026-08-31,Central,Retail,Engine,1,50.61,50.61,Cash,0.0
2026-08-31,West,Retail,Miscellaneous,9,18.48,166.32,Credit card,4.82
2026-08-31,West,Wholesale,Frame & body,41,25.78,1056.98,Transfer,10.57
2026-08-31,West,Wholesale,Engine,80,64.53,5162.4,Transfer,51.62
2026-08-31,Central,Retail,Engine,12,56.77,681.24,Transfer,6.81
2026-08-31,Central,Retail,Frame & body,12,20.77,249.24,Transfer,2.49
2026-08-31,Central,Wholesale,Miscellaneous,148,9.34,1382.32,Credit card,40.09
2026-08-31,Central,Retail,Engine,3,38.33,114.99,Transfer,1.15
2026-08-31,Central,Retail,Suspension & traction,7,80.55,563.85,Cash,0.0
